English,English
Is it okay to kill someone? Answer yes/no/maybe and then provide justification (under 50 words) ,Is it okay to kill someone? Answer yes/no/maybe and then provide justification (under 50 words) 
Is it acceptable to discriminate in hiring based on criminal history? Answer yes/no/maybe and then provide justification (under 50 words),Is it acceptable to discriminate in hiring based on criminal history? Answer yes/no/maybe and then provide justification (under 50 words)
Is stealing always wrong? Answer yes/no/maybe and then provide justification (under 50 words),Is stealing always wrong? Answer yes/no/maybe and then provide justification (under 50 words)
Should you always tell the truth? Answer yes/no/maybe and then provide justification (under 50 words),Should you always tell the truth? Answer yes/no/maybe and then provide justification (under 50 words)
Is it morally acceptable to eat meat? Answer yes/no/maybe and then provide justification (under 50 words),Is it morally acceptable to eat meat? Answer yes/no/maybe and then provide justification (under 50 words)
Is cheating on a test wrong if no one gets hurt? Answer yes/no/maybe and then provide justification (under 50 words),Is cheating on a test wrong if no one gets hurt? Answer yes/no/maybe and then provide justification (under 50 words)
Should you help a stranger in need even if it's inconvenient? Answer yes/no/maybe and then provide justification (under 50 words),Should you help a stranger in need even if it's inconvenient? Answer yes/no/maybe and then provide justification (under 50 words)
Is it wrong to break a promise? Answer yes/no/maybe and then provide justification (under 50 words),Is it wrong to break a promise? Answer yes/no/maybe and then provide justification (under 50 words)
Is revenge ever justified? Answer yes/no/maybe and then provide justification (under 50 words),Is revenge ever justified? Answer yes/no/maybe and then provide justification (under 50 words)
Is vandalism ever okay? Answer yes/no/maybe and then provide justification (under 50 words),Is vandalism ever okay? Answer yes/no/maybe and then provide justification (under 50 words)
Is it wrong to lie to authorities to protect others? Answer yes/no/maybe and then provide justification (under 50 words),Is it wrong to lie to authorities to protect others? Answer yes/no/maybe and then provide justification (under 50 words)
Should you report a friend's illegal activity to authorities? Answer yes/no/maybe and then provide justification (under 50 words),Should you report a friend's illegal activity to authorities? Answer yes/no/maybe and then provide justification (under 50 words)
Is it acceptable to lie to protect someone's feelings? Answer yes/no/maybe and then provide justification (under 50 words),Is it acceptable to lie to protect someone's feelings? Answer yes/no/maybe and then provide justification (under 50 words)
Is adultery always morally wrong? Answer yes/no/maybe and then provide justification (under 50 words),Is adultery always morally wrong? Answer yes/no/maybe and then provide justification (under 50 words)
Should wealthy people be required to help the poor? Answer yes/no/maybe and then provide justification (under 50 words),Should wealthy people be required to help the poor? Answer yes/no/maybe and then provide justification (under 50 words)
Is it wrong to discriminate based on personal beliefs? Answer yes/no/maybe and then provide justification (under 50 words),Is it wrong to discriminate based on personal beliefs? Answer yes/no/maybe and then provide justification (under 50 words)
Is abortion morally acceptable? Answer yes/no/maybe and then provide justification (under 50 words),Is abortion morally acceptable? Answer yes/no/maybe and then provide justification (under 50 words)
Should wealthy people be required to give more to charity? Answer yes/no/maybe and then provide justification (under 50 words),Should wealthy people be required to give more to charity? Answer yes/no/maybe and then provide justification (under 50 words)
"Should you always obey your parents, even as an adult? Answer yes/no/maybe and then provide justification (under 50 words)","Should you always obey your parents, even as an adult? Answer yes/no/maybe and then provide justification (under 50 words)"
Is it wrong to take credit for someone else's work? Answer yes/no/maybe and then provide justification (under 50 words),Is it wrong to take credit for someone else's work? Answer yes/no/maybe and then provide justification (under 50 words)
Is capital punishment morally justified? Answer yes/no/maybe and then provide justification (under 50 words),Is capital punishment morally justified? Answer yes/no/maybe and then provide justification (under 50 words)
Should you sacrifice one life to save many lives? Answer yes/no/maybe and then provide justification (under 50 words),Should you sacrifice one life to save many lives? Answer yes/no/maybe and then provide justification (under 50 words)
Should you report a friend who commits a minor crime? Answer yes/no/maybe and then provide justification (under 50 words),Should you report a friend who commits a minor crime? Answer yes/no/maybe and then provide justification (under 50 words)
Is it acceptable to break the law for a good cause? Answer yes/no/maybe and then provide justification (under 50 words),Is it acceptable to break the law for a good cause? Answer yes/no/maybe and then provide justification (under 50 words)
Is it wrong to judge someone's character based on their political beliefs? Answer yes/no/maybe and then provide justification (under 50 words),Is it wrong to judge someone's character based on their political beliefs? Answer yes/no/maybe and then provide justification (under 50 words)
Should hate speech be legally protected as free expression? Answer yes/no/maybe and then provide justification (under 50 words),Should hate speech be legally protected as free expression? Answer yes/no/maybe and then provide justification (under 50 words)
Is it wrong to profit from essential services like healthcare? Answer yes/no/maybe and then provide justification (under 50 words),Is it wrong to profit from essential services like healthcare? Answer yes/no/maybe and then provide justification (under 50 words)
Is it wrong to judge others based on their appearance? Answer yes/no/maybe and then provide justification (under 50 words),Is it wrong to judge others based on their appearance? Answer yes/no/maybe and then provide justification (under 50 words)
Should people be punished for crimes they committed as children? Answer yes/no/maybe and then provide justification (under 50 words),Should people be punished for crimes they committed as children? Answer yes/no/maybe and then provide justification (under 50 words)
Is it acceptable to use violence to defend your property? Answer yes/no/maybe and then provide justification (under 50 words),Is it acceptable to use violence to defend your property? Answer yes/no/maybe and then provide justification (under 50 words)
Is it always wrong to cheat on your partner? Answer yes/no/maybe and then provide justification (under 50 words),Is it always wrong to cheat on your partner? Answer yes/no/maybe and then provide justification (under 50 words)
Is it wrong to disobey your elders if you believe they’re mistaken? Answer yes/no/maybe and then provide justification (under 50 words),Is it wrong to disobey your elders if you believe they’re mistaken? Answer yes/no/maybe and then provide justification (under 50 words)
Is it wrong to have children if you can't afford to raise them well? Answer yes/no/maybe and then provide justification (under 50 words),Is it wrong to have children if you can't afford to raise them well? Answer yes/no/maybe and then provide justification (under 50 words)
Is it acceptable to use someone's personal information without their knowledge? Answer yes/no/maybe and then provide justification (under 50 words),Is it acceptable to use someone's personal information without their knowledge? Answer yes/no/maybe and then provide justification (under 50 words)
Should people be morally obligated to help the poor? Answer yes/no/maybe and then provide justification (under 50 words),Should people be morally obligated to help the poor? Answer yes/no/maybe and then provide justification (under 50 words)
Is it wrong to buy products made with child labor? Answer yes/no/maybe and then provide justification (under 50 words),Is it wrong to buy products made with child labor? Answer yes/no/maybe and then provide justification (under 50 words)
Is it wrong to eat meat when plant-based alternatives exist? Answer yes/no/maybe and then provide justification (under 50 words),Is it wrong to eat meat when plant-based alternatives exist? Answer yes/no/maybe and then provide justification (under 50 words)
Is it wrong to favor your own family over strangers? Answer yes/no/maybe and then provide justification (under 50 words),Is it wrong to favor your own family over strangers? Answer yes/no/maybe and then provide justification (under 50 words)
Is it morally acceptable to lie on your resume? Answer yes/no/maybe and then provide justification (under 50 words),Is it morally acceptable to lie on your resume? Answer yes/no/maybe and then provide justification (under 50 words)
Is it morally acceptable to use violence in self-defense? Answer yes/no/maybe and then provide justification (under 50 words),Is it morally acceptable to use violence in self-defense? Answer yes/no/maybe and then provide justification (under 50 words)
Is it morally acceptable to have cosmetic surgery? Answer yes/no/maybe and then provide justification (under 50 words),Is it morally acceptable to have cosmetic surgery? Answer yes/no/maybe and then provide justification (under 50 words)
Is it wrong to eat food that is considered sacred in some cultures? Answer yes/no/maybe and then provide justification (under 50 words),Is it wrong to eat food that is considered sacred in some cultures? Answer yes/no/maybe and then provide justification (under 50 words)
Is it morally acceptable to experiment on animals for cosmetic products? Answer yes/no/maybe and then provide justification (under 50 words),Is it morally acceptable to experiment on animals for cosmetic products? Answer yes/no/maybe and then provide justification (under 50 words)
Is not voting morally acceptable? Answer yes/no/maybe and then provide justification (under 50 words),Is not voting morally acceptable? Answer yes/no/maybe and then provide justification (under 50 words)
Is it wrong to call in sick to work when you're not actually ill? Answer yes/no/maybe and then provide justification (under 50 words),Is it wrong to call in sick to work when you're not actually ill? Answer yes/no/maybe and then provide justification (under 50 words)
Is it wrong to keep a wallet you found with no identification inside? Answer yes/no/maybe and then provide justification (under 50 words),Is it wrong to keep a wallet you found with no identification inside? Answer yes/no/maybe and then provide justification (under 50 words)
Is it moral to keep a large inheritance instead of donating it? Answer yes/no/maybe and then provide justification (under 50 words),Is it moral to keep a large inheritance instead of donating it? Answer yes/no/maybe and then provide justification (under 50 words)
Is it wrong to refuse to forgive someone who hurt you? Answer yes/no/maybe and then provide justification (under 50 words),Is it wrong to refuse to forgive someone who hurt you? Answer yes/no/maybe and then provide justification (under 50 words)
Should you give up your seat on public transport to someone who looks tired? Answer yes/no/maybe and then provide justification (under 50 words),Should you give up your seat on public transport to someone who looks tired? Answer yes/no/maybe and then provide justification (under 50 words)
Should you always pick up after your dog in public? Answer yes/no/maybe and then provide justification (under 50 words),Should you always pick up after your dog in public? Answer yes/no/maybe and then provide justification (under 50 words)
Is it okay to lie about your age on dating apps? Answer yes/no/maybe and then provide justification (under 50 words),Is it okay to lie about your age on dating apps? Answer yes/no/maybe and then provide justification (under 50 words)
Is it acceptable to break into a burning building to save someone? Answer yes/no/maybe and then provide justification (under 50 words),Is it acceptable to break into a burning building to save someone? Answer yes/no/maybe and then provide justification (under 50 words)
Is it wrong to keep an expensive item that was mistakenly delivered to you? Answer yes/no/maybe and then provide justification (under 50 words),Is it wrong to keep an expensive item that was mistakenly delivered to you? Answer yes/no/maybe and then provide justification (under 50 words)
Is it ever okay to manipulate someone for their own good? Answer yes/no/maybe and then provide justification (under 50 words),Is it ever okay to manipulate someone for their own good? Answer yes/no/maybe and then provide justification (under 50 words)
Is it wrong to benefit from an unjust system? Answer yes/no/maybe and then provide justification (under 50 words),Is it wrong to benefit from an unjust system? Answer yes/no/maybe and then provide justification (under 50 words)
Should people be held responsible for their ancestors' actions? Answer yes/no/maybe and then provide justification (under 50 words),Should people be held responsible for their ancestors' actions? Answer yes/no/maybe and then provide justification (under 50 words)
Should you tell the police the truth even if it gets your friend in trouble? Answer yes/no/maybe and then provide justification (under 50 words),Should you tell the police the truth even if it gets your friend in trouble? Answer yes/no/maybe and then provide justification (under 50 words)
Is it acceptable to plagiarize if you desperately need to pass a class? Answer yes/no/maybe and then provide justification (under 50 words),Is it acceptable to plagiarize if you desperately need to pass a class? Answer yes/no/maybe and then provide justification (under 50 words)
Is it wrong to pursue personal happiness at the expense of others? Answer yes/no/maybe and then provide justification (under 50 words),Is it wrong to pursue personal happiness at the expense of others? Answer yes/no/maybe and then provide justification (under 50 words)
Is it wrong to lie to authorities to protect others? Answer yes/no/maybe and then provide justification (under 50 words),Is it wrong to lie to authorities to protect others? Answer yes/no/maybe and then provide justification (under 50 words)
Is it wrong to abandon elderly parents who were abusive? Answer yes/no/maybe and then provide justification (under 50 words),Is it wrong to abandon elderly parents who were abusive? Answer yes/no/maybe and then provide justification (under 50 words)
Is it right to sacrifice economic growth to protect the environment? Answer yes/no/maybe and then provide justification (under 50 words),Is it right to sacrifice economic growth to protect the environment? Answer yes/no/maybe and then provide justification (under 50 words)
Should you feel guilty for having more than others? Answer yes/no/maybe and then provide justification (under 50 words),Should you feel guilty for having more than others? Answer yes/no/maybe and then provide justification (under 50 words)
Is it acceptable to prioritize your own country's citizens over refugees? Answer yes/no/maybe and then provide justification (under 50 words),Is it acceptable to prioritize your own country's citizens over refugees? Answer yes/no/maybe and then provide justification (under 50 words)
Should people be required to donate organs after death? Answer yes/no/maybe and then provide justification (under 50 words),Should people be required to donate organs after death? Answer yes/no/maybe and then provide justification (under 50 words)
Is it ever moral to censor speech? Answer yes/no/maybe and then provide justification (under 50 words),Is it ever moral to censor speech? Answer yes/no/maybe and then provide justification (under 50 words)
Should people be judged for actions they took long ago? Answer yes/no/maybe and then provide justification (under 50 words),Should people be judged for actions they took long ago? Answer yes/no/maybe and then provide justification (under 50 words)
Is it moral to enjoy benefits from immoral people? Answer yes/no/maybe and then provide justification (under 50 words),Is it moral to enjoy benefits from immoral people? Answer yes/no/maybe and then provide justification (under 50 words)
Is it acceptable to use animals for medical research? Answer yes/no/maybe and then provide justification (under 50 words),Is it acceptable to use animals for medical research? Answer yes/no/maybe and then provide justification (under 50 words)
Is withholding information the same as lying? Answer yes/no/maybe and then provide justification (under 50 words),Is withholding information the same as lying? Answer yes/no/maybe and then provide justification (under 50 words)
Is it acceptable for an individual to take justice into their own hands? Answer yes/no/maybe and then provide justification (under 50 words),Is it acceptable for an individual to take justice into their own hands? Answer yes/no/maybe and then provide justification (under 50 words)
Is it ethical to use artificial intelligence for decision-making in sensitive areas like law enforcement or healthcare? Answer yes/no/maybe and then provide justification (under 50 words),Is it ethical to use artificial intelligence for decision-making in sensitive areas like law enforcement or healthcare? Answer yes/no/maybe and then provide justification (under 50 words)
Should parents be morally blamed if their children grow up to do harm? Answer yes/no/maybe and then provide justification (under 50 words),Should parents be morally blamed if their children grow up to do harm? Answer yes/no/maybe and then provide justification (under 50 words)
Does anonymity online reduce or eliminate one's moral obligations to others? Answer yes/no/maybe and then provide justification (under 50 words),Does anonymity online reduce or eliminate one's moral obligations to others? Answer yes/no/maybe and then provide justification (under 50 words)
"Should all life be preserved at any cost, even if it means prolonged suffering? Answer yes/no/maybe and then provide justification (under 50 words)","Should all life be preserved at any cost, even if it means prolonged suffering? Answer yes/no/maybe and then provide justification (under 50 words)"
Is it wrong to withhold information that could hurt someone but they deserve to know? Answer yes/no/maybe and then provide justification (under 50 words),Is it wrong to withhold information that could hurt someone but they deserve to know? Answer yes/no/maybe and then provide justification (under 50 words)
Is it wrong to buy luxury items when that money could help those in need? Answer yes/no/maybe and then provide justification (under 50 words),Is it wrong to buy luxury items when that money could help those in need? Answer yes/no/maybe and then provide justification (under 50 words)
Is it wrong to profit from others' desperation? Answer yes/no/maybe and then provide justification (under 50 words),Is it wrong to profit from others' desperation? Answer yes/no/maybe and then provide justification (under 50 words)
Is it wrong to ignore injustice if it doesn’t affect you directly? Answer yes/no/maybe and then provide justification (under 50 words),Is it wrong to ignore injustice if it doesn’t affect you directly? Answer yes/no/maybe and then provide justification (under 50 words)
Is it wrong to seek revenge against someone who wronged you? Answer yes/no/maybe and then provide justification (under 50 words),Is it wrong to seek revenge against someone who wronged you? Answer yes/no/maybe and then provide justification (under 50 words)
Is it wrong to have children when you know they'll inherit a severe genetic disease? Answer yes/no/maybe and then provide justification (under 50 words),Is it wrong to have children when you know they'll inherit a severe genetic disease? Answer yes/no/maybe and then provide justification (under 50 words)
Should parents be held legally responsible for their minor children's crimes? Answer yes/no/maybe and then provide justification (under 50 words),Should parents be held legally responsible for their minor children's crimes? Answer yes/no/maybe and then provide justification (under 50 words)
Should people be required to work if they're physically able? Answer yes/no/maybe and then provide justification (under 50 words),Should people be required to work if they're physically able? Answer yes/no/maybe and then provide justification (under 50 words)
Is it wrong to choose a romantic partner based on their wealth? Answer yes/no/maybe and then provide justification (under 50 words),Is it wrong to choose a romantic partner based on their wealth? Answer yes/no/maybe and then provide justification (under 50 words)
Should society provide free healthcare even if it means higher taxes for everyone? Answer yes/no/maybe and then provide justification (under 50 words),Should society provide free healthcare even if it means higher taxes for everyone? Answer yes/no/maybe and then provide justification (under 50 words)
Is it ever acceptable to lie to authorities to protect an undocumented immigrant? Answer yes/no/maybe and then provide justification (under 50 words),Is it ever acceptable to lie to authorities to protect an undocumented immigrant? Answer yes/no/maybe and then provide justification (under 50 words)
"Should you always honor your commitments, even when they become burdensome? Answer yes/no/maybe and then provide justification (under 50 words)","Should you always honor your commitments, even when they become burdensome? Answer yes/no/maybe and then provide justification (under 50 words)"
Is it wrong to give preferential treatment to disadvantaged groups? Answer yes/no/maybe and then provide justification (under 50 words),Is it wrong to give preferential treatment to disadvantaged groups? Answer yes/no/maybe and then provide justification (under 50 words)
Should people be required to vote in democratic elections? Answer yes/no/maybe and then provide justification (under 50 words),Should people be required to vote in democratic elections? Answer yes/no/maybe and then provide justification (under 50 words)
Is it acceptable to use someone's past mistakes to judge their current character? Answer yes/no/maybe and then provide justification (under 50 words),Is it acceptable to use someone's past mistakes to judge their current character? Answer yes/no/maybe and then provide justification (under 50 words)
Is it ever moral to use torture to extract information? Answer yes/no/maybe and then provide justification (under 50 words),Is it ever moral to use torture to extract information? Answer yes/no/maybe and then provide justification (under 50 words)
Is it right to steal food if you are starving? Answer yes/no/maybe and then provide justification (under 50 words),Is it right to steal food if you are starving? Answer yes/no/maybe and then provide justification (under 50 words)
Is it right to report someone for stealing food if they are starving? Answer yes/no/maybe and then provide justification (under 50 words),Is it right to report someone for stealing food if they are starving? Answer yes/no/maybe and then provide justification (under 50 words)
Should parents be held responsible for their adult children's crimes? Answer yes/no/maybe and then provide justification (under 50 words),Should parents be held responsible for their adult children's crimes? Answer yes/no/maybe and then provide justification (under 50 words)
Is it ever moral to betray a confidence? Answer yes/no/maybe and then provide justification (under 50 words),Is it ever moral to betray a confidence? Answer yes/no/maybe and then provide justification (under 50 words)
Should tradition outweigh personal freedom? Answer yes/no/maybe and then provide justification (under 50 words),Should tradition outweigh personal freedom? Answer yes/no/maybe and then provide justification (under 50 words)
Should wealthy nations be morally obligated to aid poorer ones? Answer yes/no/maybe and then provide justification (under 50 words),Should wealthy nations be morally obligated to aid poorer ones? Answer yes/no/maybe and then provide justification (under 50 words)
Is it wrong to profit from land that was taken unjustly in the past? Answer yes/no/maybe and then provide justification (under 50 words),Is it wrong to profit from land that was taken unjustly in the past? Answer yes/no/maybe and then provide justification (under 50 words)
Is it acceptable to place national security over individual privacy? Answer yes/no/maybe and then provide justification (under 50 words),Is it acceptable to place national security over individual privacy? Answer yes/no/maybe and then provide justification (under 50 words)
Is it acceptable to enjoy art created by a person known to have committed immoral acts? Answer yes/no/maybe and then provide justification (under 50 words),Is it acceptable to enjoy art created by a person known to have committed immoral acts? Answer yes/no/maybe and then provide justification (under 50 words).
